account,coin,exec_price,size_usd,side,direction,pnl,fee,net_pnl,is_win,is_cross_margin,trade_date,sentiment
0xae5eacaf9c6b9111fd53034a602c192a04e082ed,@107,9.057,22156.95,SELL,Sell,3008.231185,7.754933,3000.476252,True,True,2024-12-03,Extreme Greed
0xae5eacaf9c6b9111fd53034a602c192a04e082ed,@107,9.057,226.43,SELL,Sell,30.741534,0.079248,30.662286,True,True,2024-12-03,Extreme Greed
0xae5eacaf9c6b9111fd53034a602c192a04e082ed,@107,9.048,302.2,SELL,Sell,40.770089,0.105771,40.664318,True,True,2024-12-03,Extreme Greed
0xae5eacaf9c6b9111fd53034a602c192a04e082ed,@107,9.0464,1809.28,SELL,Sell,243.812267,0.633248,243.17901899999998,True,True,2024-12-03,Extreme Greed
0xae5eacaf9c6b9111fd53034a602c192a04e082ed,@107,9.0424,1892.21,SELL,Sell,254.263735,0.662274,253.601461,True,True,2024-12-03,Extreme Greed
0xae5eacaf9c6b9111fd53034a602c192a04e082ed,@107,9.0424,180.85,SELL,Sell,24.301227,0.063296,24.237931,True,True,2024-12-03,Extreme Greed
0xae5eacaf9c6b9111fd53034a602c192a04e082ed,@107,9.0417,1001.82,SELL,Sell,134.551236,0.350637,134.20059899999998,True,True,2024-12-03,Extreme Greed
0xae5eacaf9c6b9111fd53034a602c192a04e082ed,@107,9.04,307.36,SELL,Sell,41.230486,0.107576,41.12291,True,True,2024-12-03,Extreme Greed
0xae5eacaf9c6b9111fd53034a602c192a04e082ed,@107,9.04,4520.0,SELL,Sell,606.330666,1.582,604.748666,True,True,2024-12-03,Extreme Greed
0xae5eacaf9c6b9111fd53034a602c192a04e082ed,@107,9.04,4520.0,SELL,Sell,606.330666,1.582,604.748666,True,True,2024-12-03,Extreme Greed
0xae5eacaf9c6b9111fd53034a602c192a04e082ed,@107,9.0397,1151.03,SELL,Sell,154.369969,0.402858,153.967111,True,True,2024-12-03,Extreme Greed
0xae5eacaf9c6b9111fd53034a602c192a04e082ed,@107,9.039,1297.37,SELL,Sell,173.909751,0.454078,173.455673,True,True,2024-12-03,Extreme Greed
0xae5eacaf9c6b9111fd53034a602c192a04e082ed,@107,9.0354,100.93,SELL,Sell,13.494046,0.035323,13.458723,True,True,2024-12-03,Extreme Greed
0xae5eacaf9c6b9111fd53034a602c192a04e082ed,@107,9.0346,1150.38,SELL,Sell,153.720586,0.402631,153.31795499999998,True,True,2024-12-03,Extreme Greed
0xae5eacaf9c6b9111fd53034a602c192a04e082ed,@107,9.0333,660.06,SELL,Sell,88.119595,0.231022,87.88857300000001,True,True,2024-12-03,Extreme Greed
0xae5eacaf9c6b9111fd53034a602c192a04e082ed,@107,9.0327,255.35,SELL,Sell,34.075565,0.089374,33.986191,True,True,2024-12-03,Extreme Greed
0xae5eacaf9c6b9111fd53034a602c192a04e082ed,@107,9.0303,1919.93,SELL,Sell,255.761609,0.671976,255.089633,True,True,2024-12-03,Extreme Greed
0xae5eacaf9c6b9111fd53034a602c192a04e082ed,@107,9.0303,350.38,SELL,Sell,46.6749,0.122631,46.552269,True,True,2024-12-03,Extreme Greed
0xae5eacaf9c6b9111fd53034a602c192a04e082ed,@107,9.03,1301.13,SELL,Sell,173.291472,0.455396,172.836076,True,True,2024-12-03,Extreme Greed
0xae5eacaf9c6b9111fd53034a602c192a04e082ed,@107,9.03,135.0,SELL,Sell,17.979787,0.047249,17.932538,True,True,2024-12-03,Extreme Greed
0xae5eacaf9c6b9111fd53034a602c192a04e082ed,@107,9.0756,907.56,SELL,Sell,124.826134,0.317646,124.508488,True,True,2024-12-03,Extreme Greed
0xae5eacaf9c6b9111fd53034a602c192a04e082ed,@107,9.0755,1937.98,SELL,Sell,266.532371,0.678293,265.854078,True,True,2024-12-03,Extreme Greed
0xae5eacaf9c6b9111fd53034a602c192a04e082ed,@107,9.0755,907.55,SELL,Sell,124.816134,0.317642,124.498492,True,True,2024-12-03,Extreme Greed
0xae5eacaf9c6b9111fd53034a602c192a04e082ed,@107,9.0755,240.05,SELL,Sell,33.013868,0.084016,32.929852000000004,True,True,2024-12-03,Extreme Greed
0xae5eacaf9c6b9111fd53034a602c192a04e082ed,@107,9.0752,1307.65,SELL,Sell,179.80434,0.457675,179.346665,True,True,2024-12-03,Extreme Greed
0xae5eacaf9c6b9111fd53034a602c192a04e082ed,@107,9.0752,272.26,SELL,Sell,37.43584,0.095289,37.340551,True,True,2024-12-03,Extreme Greed
0xae5eacaf9c6b9111fd53034a602c192a04e082ed,@107,9.0674,98.29,SELL,Sell,13.442265,0.034401,13.407864,True,True,2024-12-03,Extreme Greed
0xae5eacaf9c6b9111fd53034a602c192a04e082ed,@107,9.0663,27.2,SELL,Sell,3.716884,0.009519,3.707365,True,True,2024-12-03,Extreme Greed
0xae5eacaf9c6b9111fd53034a602c192a04e082ed,@107,9.0661,1306.33,SELL,Sell,178.493121,0.457217,178.03590400000002,True,True,2024-12-03,Extreme Greed
0xae5eacaf9c6b9111fd53034a602c192a04e082ed,@107,9.0658,349.94,SELL,Sell,47.804608,0.122478,47.68213,True,True,2024-12-03,Extreme Greed
0xae5eacaf9c6b9111fd53034a602c192a04e082ed,@107,9.0642,743.45,SELL,Sell,101.447367,0.260205,101.187162,True,True,2024-12-03,Extreme Greed
0xae5eacaf9c6b9111fd53034a602c192a04e082ed,@107,9.0642,885.57,SELL,Sell,120.841353,0.30995,120.531403,True,True,2024-12-03,Extreme Greed
0xae5eacaf9c6b9111fd53034a602c192a04e082ed,@107,9.0613,888.01,SELL,Sell,120.928211,0.310802,120.61740900000001,True,True,2024-12-03,Extreme Greed
0xae5eacaf9c6b9111fd53034a602c192a04e082ed,@107,9.0611,743.19,SELL,Sell,101.193105,0.260116,100.932989,True,True,2024-12-03,Extreme Greed
0xae5eacaf9c6b9111fd53034a602c192a04e082ed,@107,9.0579,742.93,SELL,Sell,100.930641,0.260025,100.670616,True,True,2024-12-03,Extreme Greed
0xae5eacaf9c6b9111fd53034a602c192a04e082ed,@107,9.0571,1305.04,SELL,Sell,177.196311,0.456763,176.739548,True,True,2024-12-03,Extreme Greed
0xae5eacaf9c6b9111fd53034a602c192a04e082ed,@107,9.0547,742.67,SELL,Sell,100.668177,0.259933,100.408244,True,True,2024-12-03,Extreme Greed
0xae5eacaf9c6b9111fd53034a602c192a04e082ed,@107,9.0546,271.64,SELL,Sell,36.81784,0.095073,36.722767,True,True,2024-12-03,Extreme Greed
0xae5eacaf9c6b9111fd53034a602c192a04e082ed,@107,9.0516,742.41,SELL,Sell,100.413915,0.259844,100.154071,True,True,2024-12-03,Extreme Greed
0xae5eacaf9c6b9111fd53034a602c192a04e082ed,@107,9.0515,905.15,SELL,Sell,122.416134,0.316802,122.099332,True,True,2024-12-03,Extreme Greed
0xae5eacaf9c6b9111fd53034a602c192a04e082ed,@107,9.0515,452.58,SELL,Sell,61.208067,0.158401,61.049666,True,True,2024-12-03,Extreme Greed
0xae5eacaf9c6b9111fd53034a602c192a04e082ed,@107,9.05,35.39,SELL,Sell,4.780606,0.012384,4.768222,True,True,2024-12-03,Extreme Greed
0xae5eacaf9c6b9111fd53034a602c192a04e082ed,@107,9.05,90.5,SELL,Sell,12.226614,0.031675,12.194939,True,True,2024-12-03,Extreme Greed
0xae5eacaf9c6b9111fd53034a602c192a04e082ed,@107,9.05,5199.5,SELL,Sell,702.455615,1.819823,700.6357919999999,True,True,2024-12-03,Extreme Greed
0xae5eacaf9c6b9111fd53034a602c192a04e082ed,@107,9.0485,815.27,SELL,Sell,110.026636,0.285344,109.741292,True,True,2024-12-03,Extreme Greed
0xae5eacaf9c6b9111fd53034a602c192a04e082ed,@107,9.0484,742.15,SELL,Sell,100.151451,0.259752,99.89169899999999,True,True,2024-12-03,Extreme Greed
0xae5eacaf9c6b9111fd53034a602c192a04e082ed,@107,9.048,1303.73,SELL,Sell,175.885092,0.456304,175.428788,True,True,2024-12-03,Extreme Greed
0xae5eacaf9c6b9111fd53034a602c192a04e082ed,@107,9.0464,1809.28,SELL,Sell,243.812267,0.633248,243.17901899999998,True,True,2024-12-03,Extreme Greed
0xae5eacaf9c6b9111fd53034a602c192a04e082ed,@107,9.0453,741.9,SELL,Sell,99.897189,0.259663,99.637526,True,True,2024-12-03,Extreme Greed
0xae5eacaf9c6b9111fd53034a602c192a04e082ed,@107,9.0448,64.13,SELL,Sell,8.631801,0.022444,8.609357,True,True,2024-12-03,Extreme Greed
0xae5eacaf9c6b9111fd53034a602c192a04e082ed,@107,9.0431,452.16,SELL,Sell,60.788067,0.158254,60.629813,True,True,2024-12-03,Extreme Greed
0xae5eacaf9c6b9111fd53034a602c192a04e082ed,@107,9.0421,741.63,SELL,Sell,99.634725,0.259571,99.37515400000001,True,True,2024-12-03,Extreme Greed
0xae5eacaf9c6b9111fd53034a602c192a04e082ed,@107,9.0421,2424.64,SELL,Sell,325.738252,0.848623,324.889629,True,True,2024-12-03,Extreme Greed
0xae5eacaf9c6b9111fd53034a602c192a04e082ed,@107,9.041,272.04,SELL,Sell,36.51907,0.095215,36.423854999999996,True,True,2024-12-03,Extreme Greed
0xae5eacaf9c6b9111fd53034a602c192a04e082ed,@107,9.04,13587.75,SELL,Sell,1822.714868,4.755713,1817.959155,True,True,2024-12-03,Extreme Greed
0xae5eacaf9c6b9111fd53034a602c192a04e082ed,@107,9.04,506.42,SELL,Sell,67.933288,0.177247,67.75604100000001,True,True,2024-12-03,Extreme Greed
0xae5eacaf9c6b9111fd53034a602c192a04e082ed,@107,9.04,605.68,SELL,Sell,81.24831,0.211988,81.036322,True,True,2024-12-03,Extreme Greed
0xae5eacaf9c6b9111fd53034a602c192a04e082ed,@107,9.039,89.31,SELL,Sell,11.971214,0.031256,11.939957999999999,True,True,2024-12-03,Extreme Greed
0xae5eacaf9c6b9111fd53034a602c192a04e082ed,AAVE,242.49,3584.0,SELL,Close Long,139.418262,1.2544,138.163862,True,True,2024-12-03,Extreme Greed
0xae5eacaf9c6b9111fd53034a602c192a04e082ed,AAVE,242.47,2097.37,SELL,Close Long,81.421585,0.734077,80.687508,True,True,2024-12-03,Extreme Greed
0xae5eacaf9c6b9111fd53034a602c192a04e082ed,AAVE,242.46,3314.43,SELL,Close Long,128.537643,1.160049,127.377594,True,True,2024-12-03,Extreme Greed
0xae5eacaf9c6b9111fd53034a602c192a04e082ed,AAVE,242.45,14.55,SELL,Close Long,0.563574,0.005091,0.5584830000000001,True,True,2024-12-03,Extreme Greed
0xae5eacaf9c6b9111fd53034a602c192a04e082ed,AAVE,242.36,891.88,SELL,Close Long,34.234672,0.312159,33.922513,True,True,2024-12-03,Extreme Greed
0xae5eacaf9c6b9111fd53034a602c192a04e082ed,AAVE,242.34,24524.81,SELL,Close Long,939.42948,8.583682,930.8457980000001,True,True,2024-12-03,Extreme Greed
0xae5eacaf9c6b9111fd53034a602c192a04e082ed,AAVE,242.33,756.07,SELL,Close Long,28.931448,0.264624,28.666824,True,True,2024-12-03,Extreme Greed
0xae5eacaf9c6b9111fd53034a602c192a04e082ed,AAVE,242.32,906.28,SELL,Close Long,34.643246,0.317196,34.326049999999995,True,True,2024-12-03,Extreme Greed
0xae5eacaf9c6b9111fd53034a602c192a04e082ed,AAVE,242.31,16.96,SELL,Close Long,0.647703,0.005936,0.641767,True,True,2024-12-03,Extreme Greed
0xae5eacaf9c6b9111fd53034a602c192a04e082ed,AAVE,242.31,7048.8,SELL,Close Long,269.166861,2.467079,266.69978199999997,True,True,2024-12-03,Extreme Greed
0xae5eacaf9c6b9111fd53034a602c192a04e082ed,AAVE,242.3,7298.08,SELL,Close Long,278.396148,2.554326,275.841822,True,True,2024-12-03,Extreme Greed
0xae5eacaf9c6b9111fd53034a602c192a04e082ed,AAVE,242.3,1092.77,SELL,Close Long,41.685479,0.38247,41.303009,True,True,2024-12-03,Extreme Greed
0xae5eacaf9c6b9111fd53034a602c192a04e082ed,AAVE,242.29,1063.65,SELL,Close Long,40.532431,0.372278,40.160153,True,True,2024-12-03,Extreme Greed
0xae5eacaf9c6b9111fd53034a602c192a04e082ed,AAVE,242.27,40648.06,SELL,Close Long,1545.740362,14.226821,1531.513541,True,True,2024-12-03,Extreme Greed
0xae5eacaf9c6b9111fd53034a602c192a04e082ed,AAVE,242.24,748.52,SELL,Close Long,28.375161,0.261982,28.113179,True,True,2024-12-03,Extreme Greed
0xae5eacaf9c6b9111fd53034a602c192a04e082ed,AAVE,242.22,27140.75,SELL,Close Long,1026.702945,9.499262,1017.203683,True,True,2024-12-03,Extreme Greed
0xae5eacaf9c6b9111fd53034a602c192a04e082ed,AAVE,241.89,7474.4,SELL,Close Long,272.93661,2.61604,270.32057,True,True,2024-12-03,Extreme Greed
0xae5eacaf9c6b9111fd53034a602c192a04e082ed,AAVE,241.42,4886.34,SELL,Close Long,169.265096,1.710219,167.554877,True,True,2024-12-03,Extreme Greed
0xae5eacaf9c6b9111fd53034a602c192a04e082ed,AAVE,241.4,818.35,SELL,Close Long,28.282431,0.286421,27.99601,True,True,2024-12-03,Extreme Greed
0xae5eacaf9c6b9111fd53034a602c192a04e082ed,AAVE,241.39,3565.33,SELL,Close Long,123.076933,1.247865,121.82906799999999,True,True,2024-12-03,Extreme Greed
0xae5eacaf9c6b9111fd53034a602c192a04e082ed,AAVE,241.38,3574.84,SELL,Close Long,123.262149,1.251193,122.010956,True,True,2024-12-03,Extreme Greed
0xae5eacaf9c6b9111fd53034a602c192a04e082ed,AAVE,241.34,8188.67,SELL,Close Long,281.038797,2.866033,278.172764,True,True,2024-12-03,Extreme Greed
0xae5eacaf9c6b9111fd53034a602c192a04e082ed,AAVE,241.32,7056.2,SELL,Close Long,241.607196,2.469668,239.13752799999997,True,True,2024-12-03,Extreme Greed
0xae5eacaf9c6b9111fd53034a602c192a04e082ed,AAVE,241.29,752.82,SELL,Close Long,25.686648,0.263488,25.423160000000003,True,True,2024-12-03,Extreme Greed
0xae5eacaf9c6b9111fd53034a602c192a04e082ed,AAVE,241.28,4224.81,SELL,Close Long,143.982979,1.478684,142.504295,True,True,2024-12-03,Extreme Greed
0xae5eacaf9c6b9111fd53034a602c192a04e082ed,AAVE,241.25,1049.44,SELL,Close Long,35.639115,0.367303,35.271812,True,True,2024-12-03,Extreme Greed
0xae5eacaf9c6b9111fd53034a602c192a04e082ed,AAVE,241.25,4224.29,SELL,Close Long,143.457679,1.4785,141.97917900000002,True,True,2024-12-03,Extreme Greed
0xae5eacaf9c6b9111fd53034a602c192a04e082ed,AAVE,241.23,16813.73,SELL,Close Long,569.65113,5.884805,563.7663249999999,True,True,2024-12-03,Extreme Greed
0xae5eacaf9c6b9111fd53034a602c192a04e082ed,AAVE,241.18,7329.46,SELL,Close Long,246.854931,2.565311,244.28961999999999,True,True,2024-12-03,Extreme Greed
0xae5eacaf9c6b9111fd53034a602c192a04e082ed,AAVE,241.18,7864.88,SELL,Close Long,264.887769,2.752707,262.135062,True,True,2024-12-03,Extreme Greed
0xae5eacaf9c6b9111fd53034a602c192a04e082ed,AAVE,241.17,4225.3,SELL,Close Long,142.138008,1.478854,140.659154,True,True,2024-12-03,Extreme Greed
0xae5eacaf9c6b9111fd53034a602c192a04e082ed,AAVE,241.15,696.92,SELL,Close Long,23.388481,0.243923,23.144558,True,True,2024-12-03,Extreme Greed
0xae5eacaf9c6b9111fd53034a602c192a04e082ed,AAVE,241.14,19.29,SELL,Close Long,0.646632,0.006751,0.639881,True,True,2024-12-03,Extreme Greed
0xae5eacaf9c6b9111fd53034a602c192a04e082ed,AAVE,241.14,168.8,SELL,Close Long,5.65803,0.059079,5.5989510000000005,True,True,2024-12-03,Extreme Greed
0xae5eacaf9c6b9111fd53034a602c192a04e082ed,AAVE,241.14,19.29,SELL,Close Long,0.646632,0.006751,0.639881,True,True,2024-12-03,Extreme Greed
0xae5eacaf9c6b9111fd53034a602c192a04e082ed,AAVE,241.14,40.99,SELL,Close Long,1.374093,0.014347,1.359746,True,True,2024-12-03,Extreme Greed
0xae5eacaf9c6b9111fd53034a602c192a04e082ed,AAVE,241.14,19.29,SELL,Close Long,0.646632,0.006751,0.639881,True,True,2024-12-03,Extreme Greed
0xae5eacaf9c6b9111fd53034a602c192a04e082ed,AAVE,241.09,4226.31,SELL,Close Long,140.816737,1.479207,139.33753,True,True,2024-12-03,Extreme Greed
0xae5eacaf9c6b9111fd53034a602c192a04e082ed,AAVE,241.06,4225.78,SELL,Close Long,140.290837,1.479023,138.811814,True,True,2024-12-03,Extreme Greed
0xae5eacaf9c6b9111fd53034a602c192a04e082ed,AAVE,241.05,841.26,SELL,Close Long,27.895221,0.294442,27.600779,True,True,2024-12-03,Extreme Greed
0xae5eacaf9c6b9111fd53034a602c192a04e082ed,AAVE,241.04,2369.42,SELL,Close Long,78.471907,0.829298,77.64260900000001,True,True,2024-12-03,Extreme Greed
0xae5eacaf9c6b9111fd53034a602c192a04e082ed,AAVE,241.04,988.26,SELL,Close Long,32.72989,0.345892,32.383998,True,True,2024-12-03,Extreme Greed
0xae5eacaf9c6b9111fd53034a602c192a04e082ed,AAVE,241.04,7949.5,SELL,Close Long,263.276042,2.782324,260.493718,True,True,2024-12-03,Extreme Greed
0xae5eacaf9c6b9111fd53034a602c192a04e082ed,AAVE,241.02,7645.15,SELL,Close Long,252.583188,2.675804,249.907384,True,True,2024-12-03,Extreme Greed
0xae5eacaf9c6b9111fd53034a602c192a04e082ed,AAVE,240.97,1171.11,SELL,Close Long,38.456694,0.409889,38.046805,True,True,2024-12-03,Extreme Greed
0xae5eacaf9c6b9111fd53034a602c192a04e082ed,AAVE,240.95,8035.68,SELL,Close Long,263.228215,2.812488,260.415727,True,True,2024-12-03,Extreme Greed
0xae5eacaf9c6b9111fd53034a602c192a04e082ed,AAVE,240.94,149.38,SELL,Close Long,4.887398,0.052283,4.835115,True,True,2024-12-03,Extreme Greed
0xae5eacaf9c6b9111fd53034a602c192a04e082ed,GMX,13.655,21.57,SELL,Close Long,2.464958,0.007248,2.45771,True,True,2025-04-09,Extreme Fear
0xae5eacaf9c6b9111fd53034a602c192a04e082ed,GMX,13.655,418.39,SELL,Close Long,47.801464,0.140578,47.660886000000005,True,True,2025-04-09,Extreme Fear
0xae5eacaf9c6b9111fd53034a602c192a04e082ed,GMX,13.652,2249.99,SELL,Close Long,256.625651,0.755995,255.869656,True,True,2025-04-09,Extreme Fear
0xae5eacaf9c6b9111fd53034a602c192a04e082ed,GMX,13.651,770.05,SELL,Close Long,87.779601,0.258737,87.520864,True,True,2025-04-09,Extreme Fear
0xae5eacaf9c6b9111fd53034a602c192a04e082ed,GMX,13.65,1198.2,SELL,Close Long,136.506678,0.402593,136.104085,True,True,2025-04-09,Extreme Fear
0xae5eacaf9c6b9111fd53034a602c192a04e082ed,GMX,13.647,802.17,SELL,Close Long,91.232438,0.269528,90.96291000000001,True,True,2025-04-09,Extreme Fear
0xae5eacaf9c6b9111fd53034a602c192a04e082ed,AIXBT,0.078885,502.1,SELL,Close Long,60.435675,0.168706,60.266969,True,True,2025-04-10,Fear
0xae5eacaf9c6b9111fd53034a602c192a04e082ed,AIXBT,0.078885,541.78,SELL,Close Long,65.21166,0.182038,65.02962199999999,True,True,2025-04-10,Fear
0xae5eacaf9c6b9111fd53034a602c192a04e082ed,AIXBT,0.078846,920.76,SELL,Close Long,110.427168,0.309376,110.117792,True,True,2025-04-10,Fear
0xae5eacaf9c6b9111fd53034a602c192a04e082ed,AIXBT,0.078846,961.53,SELL,Close Long,115.31592,0.323072,114.99284800000001,True,True,2025-04-10,Fear
0xae5eacaf9c6b9111fd53034a602c192a04e082ed,AIXBT,0.07881,2252.63,SELL,Close Long,269.25186,0.756882,268.494978,True,True,2025-04-10,Fear
0xae5eacaf9c6b9111fd53034a602c192a04e082ed,AIXBT,0.078806,961.04,SELL,Close Long,114.82812,0.322908,114.505212,True,True,2025-04-10,Fear
0xae5eacaf9c6b9111fd53034a602c192a04e082ed,AIXBT,0.07879,500.16,SELL,Close Long,59.6712,0.168052,59.503147999999996,True,True,2025-04-10,Fear
0xae5eacaf9c6b9111fd53034a602c192a04e082ed,AIXBT,0.078783,303.94,SELL,Close Long,36.238194,0.102124,36.13607,True,True,2025-04-10,Fear
0xae5eacaf9c6b9111fd53034a602c192a04e082ed,AIXBT,0.078782,269.43,SELL,Close Long,32.12064,0.090529,32.030111000000005,True,True,2025-04-10,Fear
0xae5eacaf9c6b9111fd53034a602c192a04e082ed,AIXBT,0.078779,1011.13,SELL,Close Long,120.507815,0.339738,120.168077,True,True,2025-04-10,Fear
0xae5eacaf9c6b9111fd53034a602c192a04e082ed,AIXBT,0.07876,9794.28,SELL,Close Long,1165.21572,3.290877,1161.924843,True,True,2025-04-10,Fear
0xae5eacaf9c6b9111fd53034a602c192a04e082ed,AIXBT,0.078759,986.77,SELL,Close Long,117.384201,0.331555,117.05264600000001,True,True,2025-04-10,Fear
0xae5eacaf9c6b9111fd53034a602c192a04e082ed,AIXBT,0.07874,500.08,SELL,Close Long,59.38185,0.168025,59.213825,True,True,2025-04-10,Fear
0xae5eacaf9c6b9111fd53034a602c192a04e082ed,AIXBT,0.078734,490.83,SELL,Close Long,58.250496,0.164917,58.085578999999996,True,True,2025-04-10,Fear
0xae5eacaf9c6b9111fd53034a602c192a04e082ed,AIXBT,0.078734,19974.11,SELL,Close Long,2370.488704,6.711299,2363.777405,True,True,2025-04-10,Fear
0xae5eacaf9c6b9111fd53034a602c192a04e082ed,AIXBT,0.07873,1015.07,SELL,Close Long,120.42062,0.341062,120.079558,True,True,2025-04-10,Fear
0xae5eacaf9c6b9111fd53034a602c192a04e082ed,AIXBT,0.078711,303.67,SELL,Close Long,35.960418,0.102031,35.858387,True,True,2025-04-10,Fear
0xae5eacaf9c6b9111fd53034a602c192a04e082ed,AIXBT,0.078696,3406.04,SELL,Close Long,402.772986,1.144429,401.628557,True,True,2025-04-10,Fear
0xae5eacaf9c6b9111fd53034a602c192a04e082ed,AIXBT,0.078694,2554.56,SELL,Close Long,302.026448,0.858333,301.168115,True,True,2025-04-10,Fear
0xae5eacaf9c6b9111fd53034a602c192a04e082ed,AIXBT,0.087106,507.39,SELL,Close Long,25.3038,0.170483,25.133316999999998,True,True,2025-04-12,Fear
0xae5eacaf9c6b9111fd53034a602c192a04e082ed,AIXBT,0.087106,546.76,SELL,Close Long,27.267288,0.183712,27.083576,True,True,2025-04-12,Fear
0xae5eacaf9c6b9111fd53034a602c192a04e082ed,AIXBT,0.087097,603.67,SELL,Close Long,30.045885,0.202832,29.843052999999998,True,True,2025-04-12,Fear
0xae5eacaf9c6b9111fd53034a602c192a04e082ed,AIXBT,0.087083,885.63,SELL,Close Long,43.94457,0.297572,43.646997999999996,True,True,2025-04-12,Fear
0xae5eacaf9c6b9111fd53034a602c192a04e082ed,AIXBT,0.087081,1179.77,SELL,Close Long,58.513812,0.396403,58.117409,True,True,2025-04-12,Fear
0xae5eacaf9c6b9111fd53034a602c192a04e082ed,AIXBT,0.087068,1037.07,SELL,Close Long,51.288766,0.348454,50.940312000000006,True,True,2025-04-12,Fear
0xae5eacaf9c6b9111fd53034a602c192a04e082ed,AIXBT,0.08705,1144.62,SELL,Close Long,56.382912,0.384592,55.99832,True,True,2025-04-12,Fear
0xae5eacaf9c6b9111fd53034a602c192a04e082ed,AIXBT,0.087032,1050.48,SELL,Close Long,51.5389,0.352959,51.185941,True,True,2025-04-12,Fear
0xae5eacaf9c6b9111fd53034a602c192a04e082ed,AIXBT,0.087032,1220.62,SELL,Close Long,59.88675,0.410129,59.476621,True,True,2025-04-12,Fear
0xae5eacaf9c6b9111fd53034a602c192a04e082ed,AIXBT,0.08703,1457.4,SELL,Close Long,71.471928,0.489687,70.982241,True,True,2025-04-12,Fear
0xae5eacaf9c6b9111fd53034a602c192a04e082ed,AIXBT,0.087025,305.72,SELL,Close Long,14.975919,0.10272,14.873199,True,True,2025-04-12,Fear
0xae5eacaf9c6b9111fd53034a602c192a04e082ed,AIXBT,0.087,1393.57,SELL,Close Long,67.884284,0.468238,67.416046,True,True,2025-04-12,Fear
0xae5eacaf9c6b9111fd53034a602c192a04e082ed,AIXBT,0.086981,484.31,SELL,Close Long,23.491392,0.162727,23.328665,True,True,2025-04-12,Fear
0xae5eacaf9c6b9111fd53034a602c192a04e082ed,AIXBT,0.086978,1229.78,SELL,Close Long,59.610024,0.413206,59.196818,True,True,2025-04-12,Fear
0xae5eacaf9c6b9111fd53034a602c192a04e082ed,AIXBT,0.086961,305.49,SELL,Close Long,14.751087,0.102645,14.648442,True,True,2025-04-12,Fear
0xae5eacaf9c6b9111fd53034a602c192a04e082ed,AIXBT,0.086957,6064.38,SELL,Close Long,292.5593,2.037631,290.52166900000003,True,True,2025-04-12,Fear
0xae5eacaf9c6b9111fd53034a602c192a04e082ed,AIXBT,0.086955,1017.81,SELL,Close Long,49.079065,0.341982,48.737083,True,True,2025-04-12,Fear
0xae5eacaf9c6b9111fd53034a602c192a04e082ed,AIXBT,0.086949,9231.9,SELL,Close Long,444.558912,3.101916,441.456996,True,True,2025-04-12,Fear
0xae5eacaf9c6b9111fd53034a602c192a04e082ed,AIXBT,0.086932,1958.14,SELL,Close Long,93.92925,0.657936,93.27131399999999,True,True,2025-04-12,Fear
0xae5eacaf9c6b9111fd53034a602c192a04e082ed,AIXBT,0.086913,9354.27,SELL,Close Long,446.763828,3.143035,443.620793,True,True,2025-04-12,Fear
0xae5eacaf9c6b9111fd53034a602c192a04e082ed,AIXBT,0.08691,500.08,SELL,Close Long,23.867592,0.168026,23.699565999999997,True,True,2025-04-12,Fear
0xae5eacaf9c6b9111fd53034a602c192a04e082ed,AIXBT,0.086896,2218.98,SELL,Close Long,105.565824,0.745575,104.820249,True,True,2025-04-12,Fear
0xae5eacaf9c6b9111fd53034a602c192a04e082ed,AIXBT,0.086894,305.26,SELL,Close Long,14.515716,0.102566,14.41315,True,True,2025-04-12,Fear
0xae5eacaf9c6b9111fd53034a602c192a04e082ed,AIXBT,0.08687,8167.52,SELL,Close Long,386.23416,2.744285,383.489875,True,True,2025-04-12,Fear
0xae5eacaf9c6b9111fd53034a602c192a04e082ed,AIXBT,0.13249,168.79,SELL,Close Long,60.225802,0.056713,60.169089,True,True,2025-04-23,Greed
0xae5eacaf9c6b9111fd53034a602c192a04e082ed,AIXBT,0.13245,1500.0,SELL,Close Long,534.913725,0.503998,534.409727,True,True,2025-04-23,Greed
0xae5eacaf9c6b9111fd53034a602c192a04e082ed,AIXBT,0.13244,3113.53,SELL,Close Long,1110.165507,1.046146,1109.119361,True,True,2025-04-23,Greed
0xae5eacaf9c6b9111fd53034a602c192a04e082ed,AIXBT,0.13239,1384.14,SELL,Close Long,493.193715,0.46507,492.728645,True,True,2025-04-23,Greed
0xae5eacaf9c6b9111fd53034a602c192a04e082ed,AIXBT,0.13233,1499.96,SELL,Close Long,534.025855,0.503986,533.5218689999999,True,True,2025-04-23,Greed
0xae5eacaf9c6b9111fd53034a602c192a04e082ed,AIXBT,0.13231,298.49,SELL,Close Long,106.241808,0.100292,106.14151600000001,True,True,2025-04-23,Greed
0xae5eacaf9c6b9111fd53034a602c192a04e082ed,AIXBT,0.13229,6220.01,SELL,Close Long,2213.278314,2.089922,2211.188392,True,True,2025-04-23,Greed
0xae5eacaf9c6b9111fd53034a602c192a04e082ed,AIXBT,0.13227,3109.54,SELL,Close Long,1106.168977,1.044803,1105.124174,True,True,2025-04-23,Greed
0xae5eacaf9c6b9111fd53034a602c192a04e082ed,AIXBT,0.13226,647.28,SELL,Close Long,230.228442,0.217486,230.010956,True,True,2025-04-23,Greed
0xae5eacaf9c6b9111fd53034a602c192a04e082ed,AIXBT,0.13216,2587.16,SELL,Close Long,918.956168,0.869286,918.0868820000001,True,True,2025-04-23,Greed
0xae5eacaf9c6b9111fd53034a602c192a04e082ed,AIXBT,0.13215,298.13,SELL,Close Long,105.880848,0.100171,105.780677,True,True,2025-04-23,Greed
0xae5eacaf9c6b9111fd53034a602c192a04e082ed,AIXBT,0.13213,3106.24,SELL,Close Long,1102.877717,1.043697,1101.83402,True,True,2025-04-23,Greed
0xae5eacaf9c6b9111fd53034a602c192a04e082ed,AIXBT,0.13206,19869.35,SELL,Close Long,7047.857251,6.676101,7041.18115,True,True,2025-04-23,Greed
0xae5eacaf9c6b9111fd53034a602c192a04e082ed,AIXBT,0.13204,297.88,SELL,Close Long,105.632688,0.100087,105.532601,True,True,2025-04-23,Greed
0xae5eacaf9c6b9111fd53034a602c192a04e082ed,AIXBT,0.13197,499.77,SELL,Close Long,177.053611,0.167922,176.88568899999999,True,True,2025-04-23,Greed
0xae5eacaf9c6b9111fd53034a602c192a04e082ed,AIXBT,0.13196,14706.55,SELL,Close Long,5209.367121,4.941399,5204.425722,True,True,2025-04-23,Greed
0xae5eacaf9c6b9111fd53034a602c192a04e082ed,AIXBT,0.13195,6204.03,SELL,Close Long,2197.292194,2.084551,2195.207643,True,True,2025-04-23,Greed
0xae5eacaf9c6b9111fd53034a602c192a04e082ed,AIXBT,0.13194,297.66,SELL,Close Long,105.407088,0.100011,105.307077,True,True,2025-04-23,Greed
0xae5eacaf9c6b9111fd53034a602c192a04e082ed,AIXBT,0.1319,6455.32,SELL,Close Long,2284.712703,2.168986,2282.543717,True,True,2025-04-23,Greed
0xae5eacaf9c6b9111fd53034a602c192a04e082ed,AIXBT,0.13181,297.36,SELL,Close Long,105.113808,0.099913,105.013895,True,True,2025-04-23,Greed
0xae5eacaf9c6b9111fd53034a602c192a04e082ed,AIXBT,0.13174,760.27,SELL,Close Long,268.484233,0.255451,268.228782,True,True,2025-04-23,Greed
0xae5eacaf9c6b9111fd53034a602c192a04e082ed,AIXBT,0.13173,297.18,SELL,Close Long,104.933328,0.099853,104.833475,True,True,2025-04-23,Greed
0xae5eacaf9c6b9111fd53034a602c192a04e082ed,AIXBT,0.1317,380.35,SELL,Close Long,134.242904,0.127797,134.11510700000002,True,True,2025-04-23,Greed
0xae5eacaf9c6b9111fd53034a602c192a04e082ed,AIXBT,0.13165,356.51,SELL,Close Long,125.740564,0.119785,125.62077900000001,True,True,2025-04-23,Greed
0xae5eacaf9c6b9111fd53034a602c192a04e082ed,AIXBT,0.13163,360.67,SELL,Close Long,127.17162,0.121183,127.050437,True,True,2025-04-23,Greed
0xae5eacaf9c6b9111fd53034a602c192a04e082ed,AIXBT,0.13163,759.64,SELL,Close Long,267.849423,0.255237,267.594186,True,True,2025-04-23,Greed
0xae5eacaf9c6b9111fd53034a602c192a04e082ed,AIXBT,0.13161,296.91,SELL,Close Long,104.662608,0.099762,104.56284600000001,True,True,2025-04-23,Greed
0xae5eacaf9c6b9111fd53034a602c192a04e082ed,AIXBT,0.13161,3458.18,SELL,Close Long,1219.022468,1.161949,1217.8605189999998,True,True,2025-04-23,Greed
0xae5eacaf9c6b9111fd53034a602c192a04e082ed,AIXBT,0.10894,462.56,SELL,Close Long,19.060294,0.155419,18.904875,True,True,2025-04-24,Greed
0xae5eacaf9c6b9111fd53034a602c192a04e082ed,AIXBT,0.10894,480.97,SELL,Close Long,19.818935,0.161605,19.657329999999998,True,True,2025-04-24,Greed
0xae5eacaf9c6b9111fd53034a602c192a04e082ed,AIXBT,0.10889,1327.91,SELL,Close Long,54.133605,0.446178,53.687427,True,True,2025-04-24,Greed
0xae5eacaf9c6b9111fd53034a602c192a04e082ed,AIXBT,0.10887,14391.85,SELL,Close Long,584.160867,4.835662,579.3252050000001,True,True,2025-04-24,Greed
0xae5eacaf9c6b9111fd53034a602c192a04e082ed,AIXBT,0.10884,464.31,SELL,Close Long,18.723474,0.156008,18.567466,True,True,2025-04-24,Greed
0xae5eacaf9c6b9111fd53034a602c192a04e082ed,AIXBT,0.10883,303.85,SELL,Close Long,12.226168,0.102094,12.124074,True,True,2025-04-24,Greed
0xae5eacaf9c6b9111fd53034a602c192a04e082ed,AIXBT,0.10878,1856.11,SELL,Close Long,73.865727,0.623653,73.242074,True,True,2025-04-24,Greed
0xae5eacaf9c6b9111fd53034a602c192a04e082ed,AIXBT,0.10878,499.74,SELL,Close Long,19.887426,0.16791,19.719516000000002,True,True,2025-04-24,Greed
0xae5eacaf9c6b9111fd53034a602c192a04e082ed,AIXBT,0.10877,1651.24,SELL,Close Long,65.566739,0.554815,65.011924,True,True,2025-04-24,Greed
0xae5eacaf9c6b9111fd53034a602c192a04e082ed,AIXBT,0.10877,9097.31,SELL,Close Long,361.232522,3.056693,358.175829,True,True,2025-04-24,Greed
0xae5eacaf9c6b9111fd53034a602c192a04e082ed,AIXBT,0.10876,2556.84,SELL,Close Long,101.300281,0.859097,100.44118399999999,True,True,2025-04-24,Greed
0xae5eacaf9c6b9111fd53034a602c192a04e082ed,AIXBT,0.10874,11667.48,SELL,Close Long,460.196833,3.920271,456.276562,True,True,2025-04-24,Greed
0xae5eacaf9c6b9111fd53034a602c192a04e082ed,AIXBT,0.10873,303.57,SELL,Close Long,11.946968,0.102,11.844968,True,True,2025-04-24,Greed
0xae5eacaf9c6b9111fd53034a602c192a04e082ed,AIXBT,0.10873,999.45,SELL,Close Long,39.332568,0.335813,38.996755,True,True,2025-04-24,Greed
0xae5eacaf9c6b9111fd53034a602c192a04e082ed,AIXBT,0.10868,947.04,SELL,Close Long,36.851506,0.318204,36.533302,True,True,2025-04-24,Greed
0xae5eacaf9c6b9111fd53034a602c192a04e082ed,AIXBT,0.10868,13009.54,SELL,Close Long,506.232445,4.371204,501.861241,True,True,2025-04-24,Greed
0xae5eacaf9c6b9111fd53034a602c192a04e082ed,AIXBT,0.10866,5238.28,SELL,Close Long,202.907472,1.760062,201.14741,True,True,2025-04-24,Greed
0xae5eacaf9c6b9111fd53034a602c192a04e082ed,AIXBT,0.12391,270.25,SELL,Close Long,27.484962,0.090802,27.39416,True,True,2025-04-25,Greed
